,$ 4 100,2021,Kia,K5,85800 կմ , Սեդան, Բենզին, Ավտոմատ, Ձախ, Սպիտակ, Մաքսազերծված
,$ 19 000,2019,BMW,X3,170000 մղոն , Ունիվերսալ, Բենզին, Ավտոմատ, Ձախ, Սպիտակ, Մաքսազերծված
,֏ 2 700 000,2016,BMW,X6,100000 կմ , Ամենագնաց, Բենզին, Ավտոմատ, Ձախ, Արծաթագույն, Մաքսազերծված
,$ 35 000,2008,VAZ,(Lada) 2107,100000 կմ , Սեդան, Բենզին և գազ, Մեխանիկական, Ձախ, Սպիտակ, Մաքսազերծված
,$ 47 000,2018,Mercedes-Benz,E 300,100000 կմ , Սեդան, Բենզին, Ավտոմատ, Ձախ, Կապույտ, Մաքսազերծված
,$ 31 000,2021,Hyundai,Elantra,50000 մղոն , Սեդան, Բենզին, Ավտոմատ, Ձախ, Արծաթագույն, Մաքսազերծված
,$ 17 700,2022,Genesis,G70,13000 մղոն , Սեդան, Բենզին, Ավտոմատ, Ձախ, Մոխրագույն, Մաքսազերծված
,$ 38 000,2021,Kia,Forte,9800 մղոն , Սեդան, Բենզին, Ավտոմատ, Ձախ, Կապույտ, Մաքսազերծված
,$ 16 300,2022,BMW,X5,68000 կմ , Ամենագնաց, Բենզին, Ավտոմատ, Ձախ, Մոխրագույն, Մաքսազերծված
,$ 7 000,2021,Jeep,Wrangler,22390 կմ , Ամենագնաց, Բենզին, Ավտոմատ, Ձախ, Նարնջագույն, Մաքսազերծված
,$ 48 000,2007,Ford,F150,129000 մղոն , Պիկապ, Բենզին, Ավտոմատ, Ձախ, Սպիտակ, Մաքսազերծված
,$ 13 500,2019,Honda,Accord,110000 կմ , физ лицо, Սեդան, Բենզին, Ավտոմատ, Ձախ, Մաքսազերծված
,2017  Land Rover Range Rover Sport,37000,մղոն , Ամենագնաց, Բենզին, Ավտոմատ, Ձախ, Սպիտակ, Բեժ, Մաքսազերծված
,$ 47 000,2007,Porsche,Cayenne,170000 կմ , Ամենագնաց, Բենզին, Ավտոմատ, Ձախ, Սև, Մաքսազերծված
,$ 21 800,2020,Mazda,3,140000 կմ , Սեդան, Բենզին, Ավտոմատ, Ձախ, Այլ գույն, Մաքսազերծված
,$ 14 000,2013,Chevrolet,Volt,180246 կմ , Հետչբեք, Հիբրիդ, Ավտոմատ, Ձախ, Երկնագույն, Մաքսազերծված
,$ 6 800,2022,Mercedes-Benz,C 300,40000 կմ , Սեդան, Բենզին, Ավտոմատ, Ձախ, Սև, Մաքսազերծված
,$ 47 500,2021,Kia,Forte,53000 մղոն , Սեդան, Բենզին, Վարիատոր, Ձախ, Նարնջագույն, Մաքսազերծված
,$ 14 700,2022,Mercedes-Benz,S 580,15000 կմ , Սեդան, Բենզին, Ավտոմատ, Ձախ, Սև, Մաքսազերծված
,Պայմ.,2022,Toyota,Rav 4,15000 մղոն , Ամենագնաց, Բենզին, Ավտոմատ, Ձախ, Այլ գույն, Մաքսազերծված
,$ 20 500,2025,Zeekr,9X Ultra,15 կմ , Ամենագնաց, Հիբրիդ, Ավտոմատ, Ձախ, Սև, Մաքսազերծված
,$ 132 000,2023,Land,Rover Range Rover,3500 կմ , Ամենագնաց, Դիզել, Ավտոմատ, Ձախ, Մոխրագույն, Մաքսազերծված
,$ 229 000,2018,Jeep,Cherokee,86000 մղոն , Ամենագնաց, Բենզին, Ավտոմատ, Ձախ, Կապույտ, Մաքսազերծված
,$ 19 500,2020,Hyundai,Sonata,27000 մղոն , Սեդան, Բենզին, Ավտոմատ, Ձախ, Այլ գույն, Մաքսազերծված
,$ 18 500,2018,Kia,Stinger,44000 կմ , Սեդան, Բենզին, Ավտոմատ, Ձախ, Սպիտակ, Մաքսազերծված
,$ 23 000,2023,Toyota,Corolla,15000 կմ , Սեդան, Բենզին, Ավտոմատ, Ձախ, Մոխրագույն, Մաքսազերծված
,Պայմ.,1996,Mercedes-Benz,C 180,467271 կմ , Սեդան, Գազ, Մեխանիկական, Ձախ, Արծաթագույն, Մաքսազերծված
,Պայմ.,1998,Opel,Astra,349000 կմ , Հետչբեք, Բենզին, Մեխանիկական, Ձախ, Արծաթագույն, Մաքսազերծված
,$ 4 800,1999,Opel,Zafira,400000 կմ , Մինիվեն / Միկրոավտոբուս, Բենզին և գազ, Մեխանիկական, Ձախ, Սև, Մաքսազերծված
,$ 3 900,2020,Jeep,Cherokee,100600 մղոն , Ամենագնաց, Բենզին, Ավտոմատ, Ձախ, Արծաթագույն, Մաքսազերծված
,$ 15 900,2021,Kia,Forte,100000 մղոն , Սեդան, Բենզին, Ավտոմատ, Ձախ, Սև, Մաքսազերծված
,$ 13 000,2002,Toyota,Vitz,217000 կմ , Հետչբեք, Գազ, Ավտոմատ, Ձախ, Սպիտակ, Մաքսազերծված
,$ 6 100,2006,Mercedes-Benz,SLK 350,227000 կմ , Կաբրիոլետ / Ռոդսթեր, Բենզին, Ավտոմատ, Ձախ, Սև, Մաքսազերծված
,$ 11 500,2006,Kia,Sorento,174000 մղոն , Ամենագնաց, Բենզին և գազ, Ավտոմատ, Ձախ, Արծաթագույն, Մաքսազերծված
,$ 8 800,2020,Dodge,Journey,120000 կմ , Ունիվերսալ, Բենզին, Ավտոմատ, Ձախ, Արծաթագույն, Մաքսազերծված
,$ 17 000,2011,Kia,Sorento,159000 մղոն , Ամենագնաց, Գազ, Ավտոմատ, Ձախ, Սև, Մաքսազերծված
,$ 10 500,2019,Lexus,LX 570,82000 կմ , Ամենագնաց, Բենզին, Ավտոմատ, Ձախ, Սև, Մաքսազերծված
,$ 102 300,2021,BMW,X5,66000 կմ , Ամենագնաց, Բենզին, Ավտոմատ, Ձախ, Սև, Մաքսազերծված
,$ 17 000,2023,Hyundai,Elantra,56749 մղոն , Սեդան, Բենզին, Ավտոմատ, Ձախ, Մոխրագույն, Աճուրդում
,$ 2 000,2024,Hyundai,Elantra,47059 մղոն , Սեդան, Բենզին, Ավտոմատ, Ձախ, Սև, Աճուրդում
,$ 2 700,2019,Toyota,Camry,44228 մղոն , Սեդան, Բենզին, Ավտոմատ, Ձախ, Սպիտակ, Աճուրդում
,$ 6 500,2020,Kia,Sportage,57696 մղոն , Ամենագնաց, Բենզին, Ավտոմատ, Ձախ, Մոխրագույն, Աճուրդում
,$ 13 500,2020,Toyota,Corolla,47094 մղոն , Սեդան, Բենզին, Ավտոմատ, Ձախ, Արծաթագույն, Աճուրդում
,$ 65 000,2020,Toyota,Camry,50745 մղոն , Սեդան, Բենզին, Ավտոմատ, Ձախ, Սև, Աճուրդում
,$ 3 500,2020,Kia,Rio,29000 մղոն , Հետչբեք, Բենզին, Ավտոմատ, Ձախ, Մոխրագույն, Մաքսազերծված
,$ 9 800,2015,Ford,Focus,201500 կմ , Սեդան, Բենզին, Ավտոմատ, Ձախ, Կապույտ, Մաքսազերծված
,$ 7 700,2008,Lexus,IS 250,166000 կմ , Սեդան, Բենզին, Ավտոմատ, Ձախ, Սպիտակ, Մաքսազերծված
,$ 9 500,2021,BMW,X5,18534 մղոն , Ամենագնաց, Բենզին, Ավտոմատ, Ձախ, Մոխրագույն, Աճուրդում
,$ 25 200,2020,Kia,Sportage,31471 մղոն , Ամենագնաց, Բենզին, Ավտոմատ, Ձախ, Սև, Աճուրդում
,$ 5 400,2018,Chevrolet,Cruze,66050 մղոն , Սեդան, Բենզին, Ավտոմատ, Ձախ, Մոխրագույն, Աճուրդում
,$ 2 000,2019,Subaru,Legacy,92841 մղոն , Սեդան, Բենզին, Ավտոմատ, Ձախ, Սև, Աճուրդում
,$ 3 000,2022,Mercedes-Benz,EQC,4300 կմ , Ամենագնաց, Էլեկտրական, Ավտոմատ, Ձախ, Մոխրագույն, Մաքսազերծված չ
,€ 112 200,2020,Kia,Forte,70669 մղոն , Սեդան, Բենզին, Ավտոմատ, Ձախ, Սև, Աճուրդում
,$ 2 900,2023,Mercedes-Benz,EQC,7374 կմ , Ամենագնաց, Էլեկտրական, Ավտոմատ, Ձախ, Մոխրագույն, Մաքսազերծված չ
,€ 47 000,2020,Ford,Escape,64408 մղոն , Ամենագնաց, Բենզին, Ավտոմատ, Ձախ, Սև, Աճուրդում
,$ 3 500,2019,Lexus,RX 350,75032 մղոն , Ամենագնաց, Բենզին, Ավտոմատ, Ձախ, Սպիտակ, Աճուրդում
,$ 13 000,2025,Mercedes-Benz,GLA 200,9900 կմ , Ամենագնաց, Բենզին, Ավտոմատ, Ձախ, Սև, Մաքսազերծված չ
,€ 36 600,2019,Nissan,Murano,63679 մղոն , Ամենագնաց, Բենզին, Ավտոմատ, Ձախ, Մոխրագույն, Աճուրդում
,$ 4 300,2019,Nissan,Murano,80169 մղոն , Ամենագնաց, Բենզին, Ավտոմատ, Ձախ, Մոխրագույն, Աճուրդում
,$ 5 000,2019,Jeep,Cherokee,64146 մղոն , Ամենագնաց, Բենզին, Ավտոմատ, Ձախ, Սպիտակ, Աճուրդում
,$ 4 000,2019,Jeep,Cherokee,62463 մղոն , Ամենագնաց, Բենզին, Ավտոմատ, Ձախ, Սպիտակ, Աճուրդում
,$ 4 100,2019,Nissan,Versa,53739 մղոն , Սեդան, Բենզին, Ավտոմատ, Ձախ, Արծաթագույն, Աճուրդում
,$ 2 100,2019,Jeep,Cherokee,39328 մղոն , Ամենագնաց, Բենզին, Ավտոմատ, Ձախ, Մոխրագույն, Աճուրդում
,$ 4 000,2021,BMW,X5,43913 մղոն , Ամենագնաց, Բենզին, Ավտոմատ, Ձախ, Սպիտակ, Աճուրդում
,$ 25 000,2018,Nissan,Rogue,63468 մղոն , Ամենագնաց, Բենզին, Ավտոմատ, Ձախ, Արծաթագույն, Աճուրդում
,$ 3 000,2021,Lexus,ES 300h,41160 մղոն , Սեդան, Բենզին, Ավտոմատ, Ձախ, Սպիտակ, Աճուրդում
,$ 15 000,2019,Subaru,Impreza,58764 մղոն , Հետչբեք, Բենզին, Ավտոմատ, Ձախ, Մոխրագույն, Աճուրդում
,$ 2 500,2022,Toyota,Camry,40362 մղոն , Սեդան, Բենզին, Ավտոմատ, Ձախ, Մոխրագույն, Աճուրդում
,$ 12 600,2024,Lexus,LX 600,10 կմ , Ամենագնաց, Բենզին, Ավտոմատ, Ձախ, Սև, Մաքսազերծված չ
,$ 123 900,2021,Hyundai,Kona,99000 մղոն , Ամենագնաց, Էլեկտրական, Ավտոմատ, Ձախ, Սպիտակ, Աճուրդում
,$ 7 800,2020,Toyota,Camry,58411 մղոն , Սեդան, Բենզին, Ավտոմատ, Ձախ, Սպիտակ, Աճուրդում
,$ 9 000,2025,Rolls,Royce Cullinan,50 կմ , Ամենագնաց, Բենզին, Ավտոմատ, Ձախ, Սև, Մաքսազերծված չ
,€ 562 500,2025,BMW,i5,2990 կմ , Սեդան, Էլեկտրական, Ավտոմատ, Ձախ, Մոխրագույն, Մաքսազերծված չ
,€ 57 700,2024,Mercedes-Benz,GLE 53 AMG Coupe,28900 կմ , Ամենագնաց, Բենզին, Ավտոմատ, Ձախ, Մոխրագույն, Մաքսազերծված չ
,€ 90 700,2019,Chevrolet,Equinox,72575 մղոն , Ամենագնաց, Բենզին, Ավտոմատ, Ձախ, Սպիտակ, Աճուրդում
,$ 3 600,2019,Mitsubishi,Outlander,66772 մղոն , Ամենագնաց, Բենզին, Ավտոմատ, Ձախ, Մոխրագույն, Աճուրդում
,$ 4 500,2019,Mercedes-Benz,CLA 250,59047 մղոն , Սեդան, Բենզին, Ավտոմատ, Ձախ, Սև, Աճուրդում
,$ 18 500,2019,Nissan,Murano,58611 մղոն , Ամենագնաց, Բենզին, Ավտոմատ, Ձախ, Սև, Աճուրդում
,$ 4 700,2022,BMW,iX,10 կմ , Ամենագնաց, Էլեկտրական, Ավտոմատ, Ձախ, Սև, Աճուրդում
,$ 31 500,2022,Audi,Q8,39975 կմ , Ամենագնաց, Բենզին, Ավտոմատ, Ձախ, Սև, Մաքսազերծված չ
,€ 57 100,2024,Porsche,Cayenne,10 կմ , Ամենագնաց, Բենզին, Ավտոմատ, Ձախ, Սև, Մաքսազերծված չ
,€ 132 000,2022,BMW,X7,34451 մղոն , Ամենագնաց, Բենզին, Ավտոմատ, Ձախ, Սպիտակ, Աճուրդում
,$ 37 600,2024,BMW,X7,15502 կմ , Ամենագնաց, Բենզին, Ավտոմատ, Ձախ, Սև, Մաքսազերծված չ
,€ 78 600,2021,BMW,X6,47778 մղոն , Ամենագնաց, Բենզին, Ավտոմատ, Ձախ, Մոխրագույն, Աճուրդում
,$ 33 000,2023,Audi,Q7,25763 կմ , Ամենագնաց, Բենզին, Ավտոմատ, Ձախ, Արծաթագույն, Մաքսազերծված չ
,€ 62 000,2021,BMW,X3,46477 մղոն , Ամենագնաց, Բենզին, Ավտոմատ, Ձախ, Սև, Աճուրդում
,$ 7 000,2021,Lexus,NX 300h,30236 մղոն , Ամենագնաց, Բենզին, Ավտոմատ, Ձախ, Մոխրագույն, Աճուրդում
,$ 15 500,2024,Rolls,Royce Spectre,80 կմ , Կուպե, Էլեկտրական, Ավտոմատ, Ձախ, Սև, Մաքսազերծված չ
,$ 4 300,2025,Porsche,Macan,25 կմ , Ամենագնաց, Բենզին, Ավտոմատ, Ձախ, Սպիտակ, Մաքսազերծված չ
,€ 57 200,2023,Mercedes-Benz,EQB,12978 կմ , Ամենագնաց, Էլեկտրական, Ավտոմատ, Ձախ, Արծաթագույն, Մաքսազերծված չ
,€ 28 000,2024,BMW,X6,35616 կմ , Ամենագնաց, Բենզին, Ավտոմատ, Ձախ, Սև, Մաքսազերծված չ
,€ 69 700,2025,Porsche,Cayenne,220 կմ , Ամենագնաց, Բենզին, Ավտոմատ, Ձախ, Սպիտակ, Մաքսազերծված չ
,€ 151 100,2023,Mercedes-Benz,CLS 55 AMG,18000 կմ , Սեդան, Բենզին, Ավտոմատ, Ձախ, Սև, Մաքսազերծված չ
,€ 79 900,2020,Toyota,Rav 4,51836 մղոն , Ամենագնաց, Բենզին, Ավտոմատ, Ձախ, Սպիտակ, Աճուրդում
,$ 5 300,2023,BMW,520,32900 կմ , Սեդան, Բենզին, Ավտոմատ, Ձախ, Սև, Մաքսազերծված չ
,$ 18 500,2025,Land,Rover Range Rover Sport,10 կմ , Ամենագնաց, Բենզին, Ավտոմատ, Ձախ, Սև, Մաքսազերծված չ
,€ 130 300,2022,Kia,K5,24189 մղոն , Սեդան, Բենզին, Ավտոմատ, Ձախ, Մոխրագույն, Աճուրդում
,$ 8 500,2022,Toyota,Bz4X,18500 կմ , Ամենագնաց, Էլեկտրական, Ավտոմատ, Ձախ, Սև, Մաքսազերծված չ
,€ 26 800,2021,Honda,Accord,52809 մղոն , Սեդան, Հիբրիդ, Ավտոմատ, Ձախ, Կարմիր, Աճուրդում
,$ 7 400,2021,Honda,Accord,26059 կմ , Սեդան, Բենզին, Ավտոմատ, Ձախ, Սև, Աճուրդում
,$ 7 500,2022,Toyota,Rav 4,18156 մղոն , Ամենագնաց, Բենզին, Ավտոմատ, Ձախ, Սպիտակ, Աճուրդում
,$ 12 800,2022,Mercedes-Benz,CLS 450,19086 մղոն , Սեդան, Բենզին, Ավտոմատ, Ձախ, Սպիտակ, Աճուրդում
,$ 16 500,2019,Hyundai,Kona,78118 մղոն , Ամենագնաց, Բենզին, Ավտոմատ, Ձախ, Սպիտակ, Աճուրդում
,$ 4 000,2021,Mercedes-Benz,E 350,86358 մղոն , Սեդան, Բենզին, Ավտոմատ, Ձախ, Սև, Աճուրդում
,$ 20 000,2019,Nissan,Sentra,20527 մղոն , Սեդան, Բենզին, Ավտոմատ, Ձախ, Սպիտակ, Աճուրդում
,$ 2 300,2019,Nissan,Sentra,42975 մղոն , Սեդան, Բենզին, Ավտոմատ, Ձախ, Մոխրագույն, Աճուրդում
,$ 2 100,2019,Chevrolet,Equinox,62456 մղոն , Ամենագնաց, Բենզին, Ավտոմատ, Ձախ, Մոխրագույն, Աճուրդում
,$ 4 000,2019,Nissan,Versa,71168 մղոն , Սեդան, Բենզին, Ավտոմատ, Ձախ, Սպիտակ, Աճուրդում
,$ 2 300,2019,Dodge,Challenger,61667 մղոն , Սեդան, Բենզին, Ավտոմատ, Ձախ, Մոխրագույն, Աճուրդում
,$ 5 300,2019,Subaru,Outback,88293 մղոն , Ամենագնաց, Բենզին, Ավտոմատ, Ձախ, Սև, Աճուրդում
,$ 30 000,2018,Dodge,Charger,61160 մղոն , Սեդան, Բենզին, Ավտոմատ, Ձախ, Մոխրագույն, Աճուրդում
,$ 3 500,2018,Dodge,Challenger,83874 մղոն , Սեդան, Բենզին, Ավտոմատ, Ձախ, Սպիտակ, Աճուրդում
,$ 7 000,2021,Tesla,Model Y,38487 մղոն , Ամենագնաց, Էլեկտրական, Ավտոմատ, Ձախ, Սպիտակ, Աճուրդում
,$ 13 100,2022,Mercedes-Benz,S 580,45810 կմ , Սեդան, Բենզին, Ավտոմատ, Ձախ, Սև, Մաքսազերծված չ
,€ 71 500,2020,Mercedes-Benz,G 63 AMG,45000 կմ , Ամենագնաց, Բենզին, Ավտոմատ, Ձախ, Սև, Մաքսազերծված չ
,€ 130 100,2021,BMW,X5,67340 մղոն , Ամենագնաց, Բենզին, Ավտոմատ, Ձախ, Սպիտակ, Աճուրդում
,$ 27 000,2019,Nissan,Versa,25371 մղոն , Սեդան, Բենզին, Ավտոմատ, Ձախ, Մոխրագույն, Աճուրդում
,$ 2 300,2020,Toyota,Highlander,68516 մղոն , Ամենագնաց, Բենզին, Ավտոմատ, Ձախ, Կապույտ, Աճուրդում
,$ 17 000,2023,Mercedes-Benz,GLE 400,8042 կմ , Կուպե, Հիբրիդ, Ավտոմատ, Ձախ, Մոխրագույն, Մաքսազերծված չ
,€ 75 200,2025,Lexus,LX 500d,10 կմ , Ամենագնաց, Դիզել, Ավտոմատ, Ձախ, Սև, Մաքսազերծված չ
,$ 144 300,2024,Lexus,LX 600,13000 կմ , Ամենագնաց, Բենզին, Ավտոմատ, Ձախ, Սպիտակ, Մաքսազերծված չ
,$ 13 500,2024,BMW,X5 M,14647 կմ , Ամենագնաց, Բենզին, Ավտոմատ, Ձախ, Սև, Մաքսազերծված չ
,€ 113 400,2020,Lexus,ES 250,100000 կմ , Սեդան, Բենզին, Ավտոմատ, Ձախ, Սև, Մաքսազերծված
,$ 33 000,2025,BMW,iX,1000 կմ , Ամենագնաց, Էլեկտրական, Ավտոմատ, Ձախ, Սև, Մաքսազերծված չ
,€ 84 100,2019,Lexus,ES 300,10248 մղոն , Սեդան, Բենզին, Ավտոմատ, Ձախ, Սպիտակ, Աճուրդում
,$ 2 500,2019,Lexus,IS 300,61487 մղոն , Սեդան, Բենզին, Ավտոմատ, Ձախ, Սև, Աճուրդում
,$ 9 500,2019,Hyundai,Tucson,53347 մղոն , Ամենագնաց, Բենզին, Ավտոմատ, Ձախ, Մոխրագույն, Աճուրդում
,$ 5 000,2019,Lexus,ES 350,84808 մղոն , Սեդան, Բենզին, Ավտոմատ, Ձախ, Սպիտակ, Աճուրդում
,$ 11 000,2025,Mercedes-Benz,GLS 600 Maybach,50 կմ , Ամենագնաց, Բենզին, Ավտոմատ, Ձախ, Սև, Աճուրդում
,€ 206 800,2022,Dodge,Charger,42876 մղոն , Սեդան, Բենզին, Ավտոմատ, Ձախ, Արծաթագույն, Աճուրդում
,$ 4 300,2023,Toyota,Bz4X,12900 կմ , Ամենագնաց, Էլեկտրական, Ավտոմատ, Ձախ, Սև, Մաքսազերծված չ
,€ 27 700,2025,Toyota,Bz4X,500 կմ , Ամենագնաց, Էլեկտրական, Ավտոմատ, Ձախ, Կապույտ, Մաքսազերծված չ
,€ 38 700,2022,BMW,X5,31470 մղոն , Ամենագնաց, Բենզին, Ավտոմատ, Ձախ, Սև, Աճուրդում
,$ 3 000,2018,Lexus,GX 460,74924 մղոն , Ամենագնաց, Բենզին, Ավտոմատ, Ձախ, Սև, Աճուրդում
,$ 17 000,2022,Toyota,Rav 4,51622 մղոն , Ամենագնաց, Բենզին, Ավտոմատ, Ձախ, Սպիտակ, Աճուրդում
,$ 12 800,2020,Toyota,Rav 4,72446 մղոն , Ամենագնաց, Բենզին, Ավտոմատ, Ձախ, Կարմիր, Աճուրդում
,$ 9 700,2022,Toyota,Rav 4,42091 մղոն , Ամենագնաց, Բենզին, Ավտոմատ, Ձախ, Սև, Աճուրդում
,$ 13 000,2019,Toyota,C-HR,30446 մղոն , Ամենագնաց, Բենզին, Ավտոմատ, Ձախ, Մոխրագույն, Աճուրդում
,$ 5 200,2021,Toyota,C-HR,10 մղոն , Ամենագնաց, Բենզին, Ավտոմատ, Ձախ, Սև, Աճուրդում
,$ 8 000,2018,Toyota,C-HR,79359 մղոն , Ամենագնաց, Բենզին, Ավտոմատ, Ձախ, Սպիտակ, Աճուրդում
,$ 4 500,2020,Toyota,C-HR,66250 մղոն , Ամենագնաց, Բենզին, Ավտոմատ, Ձախ, Սև, Աճուրդում
,$ 6 900,2020,Toyota,C-HR,51933 մղոն , Ամենագնաց, Բենզին, Ավտոմատ, Ձախ, Մոխրագույն, Աճուրդում
,$ 7 000,2018,Subaru,Forester,79257 մղոն , Ամենագնաց, Բենզին, Ավտոմատ, Ձախ, Կապույտ, Աճուրդում
,$ 3 500,2025,BMW,X3,5000 կմ , Ամենագնաց, Գազ, Ավտոմատ, Ձախ, Սև, Մաքսազերծված չ
,€ 46 700,2024,BMW,X2,11760 կմ , Ամենագնաց, Դիզել, Ավտոմատ, Ձախ, Սպիտակ, Մաքսազերծված չ
,€ 30 200,2023,BMW,X2,15600 կմ , Ամենագնաց, Բենզին, Ավտոմատ, Ձախ, Մոխրագույն, Մաքսազերծված չ
,$ 14 300,2021,Nissan,Versa,44000 մղոն , Սեդան, Բենզին և գազ, Ավտոմատ, Ձախ, Մոխրագույն, Մաքսազերծված
,$ 12 300,2020,Jeep,Wrangler,112000 կմ , Ունիվերսալ, Բենզին, Ավտոմատ, Ձախ, Սպիտակ, Մաքսազերծված
,$ 40 000,2013,Chevrolet,Volt,139000 կմ , Չվթարված, Հետչբեք, Հիբրիդ, Ավտոմատ, Ձախ, Մաքսազերծված
,$ 6 700,2008,Mercedes-Benz,G 500,1111 կմ , Ամենագնաց, Բենզին, Ավտոմատ, Ձախ, Սև, Մաքսազերծված
,Պայմ.,2019,BMW,X3,80000 կմ , Ամենագնաց, Բենզին, Ավտոմատ, Ձախ, Սև, Մաքսազերծված
,$ 26 000,2007,Mercedes-Benz,G 500,235000 կմ , Ամենագնաց, Գազ, Ավտոմատ, Ձախ, Սև, Մաքսազերծված
,$ 44 000,2017,Chevrolet,Malibu,195000 կմ , Սեդան, Բենզին, Ավտոմատ, Ձախ, Սպիտակ, Մաքսազերծված
,֏ 4 500 000,2022,Mazda,CX5,20500 կմ , Ունիվերսալ, Բենզին, Ավտոմատ, Ձախ, Սպիտակ, Մաքսազերծված
,$ 17 000,2021,VAZ,(Lada) NIVA Legend,70000 կմ , Ամենագնաց, Գազ, Մեխանիկական, Ձախ, Սպիտակ, Մաքսազերծված
,$ 52 000,2021,BMW,M5,38000 մղոն , Սեդան, Բենզին, Ավտոմատ, Ձախ, Այլ գույն, Մաքսազերծված
,$ 75 000,2013,Chevrolet,Volt,160000 կմ , Սեդան, Բենզին, Ավտոմատ, Ձախ, Բալագույն, Մաքսազերծված
,$ 7 300,2016,Chrysler,200,125000 մղոն , Սեդան, Բենզին, Ավտոմատ, Ձախ, Մոխրագույն, Մաքսազերծված
,$ 16 000,2020,Hyundai,Elantra,59594 մղոն , Սեդան, Բենզին, Ավտոմատ, Ձախ, Սև, Աճուրդում
,$ 3 800,2021,Toyota,Tundra,51747 մղոն , Պիկապ, Բենզին, Ավտոմատ, Ձախ, Սև, Աճուրդում
,$ 18 000,2021,Tesla,Model 3,22613 մղոն , Սեդան, Էլեկտրական, Ավտոմատ, Ձախ, Սև, Աճուրդում
,$ 114 000,2021,Dodge,Charger,75108 մղոն , Սեդան, Բենզին, Ավտոմատ, Ձախ, Մոխրագույն, Աճուրդում
,$ 6 200,2020,Subaru,Legacy,54178 մղոն , Սեդան, Բենզին, Ավտոմատ, Ձախ, Սպիտակ, Աճուրդում
,$ 3 000,2020,Subaru,Legacy,75628 մղոն , Սեդան, Բենզին, Ավտոմատ, Ձախ, Սպիտակ, Աճուրդում
,$ 3 100,2020,Chevrolet,Malibu,26175 մղոն , Սեդան, Բենզին, Ավտոմատ, Ձախ, Սպիտակ, Աճուրդում
,€ 83 200,2025,BMW,iX,8000 կմ , Ամենագնաց, Էլեկտրական, Ավտոմատ, Ձախ, Կապույտ, Մաքսազերծված չ
,€ 81 000,2024,Mercedes-Benz,CLE 450,10 մղոն , Սեդան, Բենզին, Ավտոմատ, Ձախ, Սպիտակ, Աճուրդում
,$ 115 600,2019,Chevrolet,Cruze,63070 մղոն , Սեդան, Բենզին, Ավտոմատ, Ձախ, Սև, Աճուրդում
,$ 2 500,2020,Toyota,Corolla,32317 մղոն , Սեդան, Բենզին, Ավտոմատ, Ձախ, Սև, Աճուրդում
,$ 5 400,2021,Toyota,Camry,80602 մղոն , Սեդան, Բենզին, Ավտոմատ, Ձախ, Արծաթագույն, Աճուրդում
,$ 11 200,2019,Kia,Forte,60367 մղոն , Սեդան, Բենզին, Ավտոմատ, Ձախ, Սև, Աճուրդում
,$ 3 400,2019,Kia,Forte,78682 մղոն , Սեդան, Բենզին, Ավտոմատ, Ձախ, Սպիտակ, Աճուրդում
,$ 3 500,2023,Hyundai,Sonata,17058 մղոն , Սեդան, Բենզին, Ավտոմատ, Ձախ, Սև, Աճուրդում
,$ 7 000,2022,Hyundai,Sonata,44529 մղոն , Սեդան, Բենզին, Ավտոմատ, Ձախ, Սպիտակ, Աճուրդում
,€ 176 000,2023,Honda,e:NS1,38000 կմ , Ամենագնաց, Էլեկտրական, Ավտոմատ, Ձախ, Սպիտակ, Մաքսազերծված
,$ 18 900,2018,BMW,750,127000 մղոն , Սեդան, Բենզին, Ավտոմատ, Ձախ, Կապույտ, Մաքսազերծված
,$ 33 800,2022,Mazda,CX5,19000 մղոն , Ամենագնաց, Բենզին, Ավտոմատ, Ձախ, Սպիտակ, Մաքսազերծված
,$ 9 500,2012,Mercedes-Benz,Sprinter,170000 կմ , Մինիվեն / Միկրոավտոբուս, Դիզել, Մեխանիկական, Ձախ, Սպիտակ, Մաքսազերծված
,Պայմ.,2001,Ford,Transit,170000 կմ , Ֆուրգոն, Դիզել, Մեխանիկական, Ձախ, Սպիտակ, Մաքսազերծված
,Պայմ.,2008,Ford,Transit,173000 կմ , Ֆուրգոն, Դիզել, Մեխանիկական, Ձախ, Սպիտակ, Մաքսազերծված
,Պայմ.,2020,Kia,Sportage,25095 մղոն , Ամենագնաց, Բենզին, Ավտոմատ, Ձախ, Սպիտակ, Աճուրդում
,$ 5 400,2011,Ford,Transit,175000 կմ , Ֆուրգոն, Դիզել, Մեխանիկական, Ձախ, Դեղին, Մաքսազերծված
,Պայմ.,2021,Subaru,Forester,64064 մղոն , Ամենագնաց, Բենզին, Ավտոմատ, Ձախ, Սև, Աճուրդում
,$ 5 500,2020,Toyota,Corolla,85934 մղոն , Սեդան, Բենզին, Ավտոմատ, Ձախ, Սպիտակ, Աճուրդում
,$ 5 100,2020,Lexus,RX 350,46941 մղոն , Ամենագնաց, Բենզին, Ավտոմատ, Ձախ, Սպիտակ, Աճուրդում
,$ 14 200,2020,BMW,320,37900 կմ , Սեդան, Բենզին, Ավտոմատ, Ձախ, Արծաթագույն, Մաքսազերծված չ
,€ 27 900,2020,Ford,Explorer,41388 մղոն , Ամենագնաց, Բենզին, Ավտոմատ, Ձախ, Սպիտակ, Աճուրդում
,$ 8 000,2019,Lexus,RX 350,79583 մղոն , Ամենագնաց, Բենզին, Ավտոմատ, Ձախ, Սև, Աճուրդում
,$ 13 000,2020,Hyundai,Tucson,32828 մղոն , Ամենագնաց, Բենզին, Ավտոմատ, Ձախ, Սպիտակ, Աճուրդում
,$ 8 500,2018,Nissan,Murano,8306 մղոն , Ամենագնաց, Բենզին, Ավտոմատ, Ձախ, Կապույտ, Աճուրդում
,$ 4 000,2018,Subaru,Impreza,67527 մղոն , Սեդան, Բենզին, Ավտոմատ, Ձախ, Մոխրագույն, Աճուրդում
,$ 2 000,2018,Hyundai,Tucson,63688 կմ , Ամենագնաց, Բենզին, Ավտոմատ, Ձախ, Երկնագույն, Աճուրդում
,$ 4 000,2025,Land,Rover Range Rover Sport,5000 կմ , Ամենագնաց, Բենզին, Ավտոմատ, Ձախ, Մոխրագույն, Մաքսազերծված չ
,€ 136 900,2024,Lexus,RX 350,10 կմ , Ամենագնաց, Բենզին, Ավտոմատ, Ձախ, Արծաթագույն, Մաքսազերծված չ
,$ 64 800,2023,Mercedes-Benz,GLS 600 Maybach,28766 կմ , Ամենագնաց, Բենզին, Ավտոմատ, Ձախ, Սպիտակ, Մաքսազերծված չ
,€ 132 900,2022,Tesla,Model 3,31183 մղոն , Սեդան, Էլեկտրական, Ավտոմատ, Ձախ, Սպիտակ, Աճուրդում
,$ 9 700,2024,Mercedes-Benz,GLE 63 S Coupe,16000 կմ , Ամենագնաց, Բենզին, Ավտոմատ, Ձախ, Մոխրագույն, Մաքսազերծված չ
,€ 110 800,2019,Toyota,Tundra,84158 մղոն , Պիկապ, Բենզին, Ավտոմատ, Ձախ, Մոխրագույն, Աճուրդում
,$ 13 600,2025,BMW,740,9100 կմ , Սեդան, Դիզել, Ավտոմատ, Ձախ, Սև, Մաքսազերծված չ
,€ 96 700,2022,Lexus,RX 350 F Sport,48042 մղոն , Ամենագնաց, Բենզին, Ավտոմատ, Ձախ, Սև, Աճուրդում
,$ 13 000,2005,Ford,Transit,230000 կմ , Ֆուրգոն, Դիզել, Մեխանիկական, Ձախ, Կարմիր, Մաքսազերծված
,Պայմ.,2019,Chevrolet,Cruze,71327 մղոն , Սեդան, Բենզին, Ավտոմատ, Ձախ, Արծաթագույն, Աճուրդում
,$ 109 000,2025,Rolls,Royce Cullinan,3946 կմ , Ամենագնաց, Բենզին, Ավտոմատ, Ձախ, Սպիտակ, Մաքսազերծված չ
,€ 420 200,2025,Rolls,Royce Cullinan,10 կմ , Ամենագնաց, Բենզին, Ավտոմատ, Ձախ, Արծաթագույն, Մաքսազերծված չ
,€ 510 000,2025,Rolls,Royce Cullinan,20 կմ , Ամենագնաց, Բենզին, Ավտոմատ, Ձախ, Սև, Մաքսազերծված չ
,€ 440 000,2025,Rolls,Royce Ghost,50 կմ , Սեդան, Բենզին, Ավտոմատ, Ձախ, Սև, Մաքսազերծված չ
,€ 360 000,2025,Rolls,Royce Ghost,50 կմ , Սեդան, Բենզին, Ավտոմատ, Ձախ, Սպիտակ, Մաքսազերծված չ
,€ 449 900,2025,BMW,530,4033 կմ , Սեդան, Հիբրիդ, Ավտոմատ, Ձախ, Արծաթագույն, Մաքսազերծված չ
,€ 60 500,2025,BMW,530,4095 կմ , Սեդան, Հիբրիդ, Ավտոմատ, Ձախ, Սև, Մաքսազերծված չ
,€ 62 200,2024,Mercedes-Benz,GLC 200,32 կմ , Ամենագնաց, Բենզին, Ավտոմատ, Ձախ, Սպիտակ, Մաքսազերծված չ
,€ 57 900,2025,Mercedes-Benz,GLC 300,40 կմ , Ամենագնաց, Բենզին, Ավտոմատ, Ձախ, Սև, Մաքսազերծված չ
,€ 67 000,2025,Mercedes-Benz,GLC 200,4000 կմ , Ամենագնաց, Բենզին, Ավտոմատ, Ձախ, Սպիտակ, Մաքսազերծված չ
,€ 55 400,2025,Mercedes-Benz,GLC 300,4900 կմ , Ամենագնաց, Հիբրիդ, Ավտոմատ, Ձախ, Սև, Մաքսազերծված չ
,€ 73 100,2025,Audi,A8,1045 կմ , Սեդան, Դիզել, Ավտոմատ, Ձախ, Սև, Մաքսազերծված չ
,$ 113 500,2020,Nissan,Rogue,86516 մղոն , Ամենագնաց, Բենզին, Ավտոմատ, Ձախ, Կապույտ, Աճուրդում
,$ 4 100,2020,Nissan,Rogue,60308 մղոն , Ամենագնաց, Բենզին, Ավտոմատ, Ձախ, Մոխրագույն, Աճուրդում
,$ 4 500,2019,Subaru,Legacy,39580 մղոն , Սեդան, Բենզին, Ավտոմատ, Ձախ, Սպիտակ, Աճուրդում
,$ 1 700,2024,Toyota,Camry,27000 կմ , Սեդան, Հիբրիդ, Վարիատոր, Ձախ, Այլ գույն, Մաքսազերծված
,$ 40 000,2021,Hyundai,Sonata,75709 մղոն , Սեդան, Բենզին, Ավտոմատ, Ձախ, Սև, Աճուրդում
,$ 6 900,2024,BMW,X5,17000 կմ , Ամենագնաց, Բենզին, Ավտոմատ, Ձախ, Սև, Մաքսազերծված
,$ 110 000,2020,Porsche,Cayenne,36084 մղոն , Ամենագնաց, Բենզին, Ավտոմատ, Ձախ, Մոխրագույն, Աճուրդում
,$ 28 000,2025,BMW,X6 M,4100 կմ , Ամենագնաց, Բենզին, Ավտոմատ, Ձախ, Արծաթագույն, Մաքսազերծված չ
,€ 119 000,2019,Hyundai,Kona,69709 մղոն , Ամենագնաց, Բենզին, Ավտոմատ, Ձախ, Մոխրագույն, Աճուրդում
,$ 2 200,2021,Toyota,Rav 4,29893 մղոն , Ամենագնաց, Բենզին, Ավտոմատ, Ձախ, Սպիտակ, Աճուրդում
,$ 11 300,2021,BMW,X3,11000 մղոն , Ամենագնաց, Բենզին, Ավտոմատ, Ձախ, Սպիտակ, Աճուրդում
,$ 19 000,2025,Mercedes-Benz,G 580,50 կմ , Ամենագնաց, Էլեկտրական, Ավտոմատ, Ձախ, Սև, Մաքսազերծված չ
,€ 156 900,2025,Mercedes-Benz,G 580,28 կմ , Ամենագնաց, Էլեկտրական, Ավտոմատ, Ձախ, Սև, Մաքսազերծված չ
,€ 156 300,2020,Hyundai,Tucson,58367 մղոն , Ամենագնաց, Բենզին, Ավտոմատ, Ձախ, Սպիտակ, Աճուրդում
,$ 6 100,2024,BMW,520,8682 կմ , Սեդան, Բենզին, Ավտոմատ, Ձախ, Սպիտակ, Մաքսազերծված չ
,€ 52 000,2021,Subaru,Forester,74822 մղոն , Ամենագնաց, Բենզին, Ավտոմատ, Ձախ, Սպիտակ, Աճուրդում
,$ 5 500,2019,Toyota,Corolla,87353 մղոն , Սեդան, Բենզին, Ավտոմատ, Ձախ, Արծաթագույն, Աճուրդում
,$ 4 500,2020,Toyota,Rav 4,48877 մղոն , Ամենագնաց, Բենզին, Ավտոմատ, Ձախ, Սև, Աճուրդում
,$ 10 000,2020,Ford,Fusion,68021 մղոն , Սեդան, Բենզին, Ավտոմատ, Ձախ, Սպիտակ, Աճուրդում
,$ 4 800,2022,Mercedes-Benz,GLS 600 Maybach,8360 կմ , Սեդան, Բենզին, Ավտոմատ, Ձախ, Մոխրագույն, Մաքսազերծված չ
,€ 155 000,2022,Porsche,Macan,29083 մղոն , Ամենագնաց, Բենզին, Ավտոմատ, Ձախ, Կապույտ, Աճուրդում
,$ 8 000,2023,Mercedes-Benz,E 200,12632 կմ , Սեդան, Բենզին, Ավտոմատ, Ձախ, Սպիտակ, Մաքսազերծված չ
,€ 48 700,2025,BMW,X6 M,6200 կմ , Ամենագնաց, Բենզին, Ավտոմատ, Ձախ, Կարմիր, Մաքսազերծված չ
,€ 141 000,2020,Mazda,CX5,17852 մղոն , Ամենագնաց, Բենզին, Ավտոմատ, Ձախ, Կապույտ, Աճուրդում
,$ 7 500,2018,Mazda,CX5,61476 մղոն , Ամենագնաց, Բենզին, Ավտոմատ, Ձախ, Սև, Աճուրդում
,$ 5 700,2018,Mazda,CX5,48132 մղոն , Ամենագնաց, Բենզին, Ավտոմատ, Ձախ, Սպիտակ, Աճուրդում
,$ 5 500,2018,Dodge,Journey,47688 մղոն , Ամենագնաց, Բենզին, Ավտոմատ, Ձախ, Սպիտակ, Աճուրդում
,$ 2 100,2021,Lexus,RX 350,32170 մղոն , Ամենագնաց, Բենզին, Ավտոմատ, Ձախ, Մոխրագույն, Աճուրդում
,$ 19 200,2025,Mercedes-Benz,EQE,1200 կմ , Սեդան, Էլեկտրական, Ավտոմատ, Ձախ, Սև, Մաքսազերծված չ
,€ 59 400,2022,Mercedes-Benz,EQC,28809 կմ , Ամենագնաց, Էլեկտրական, Ավտոմատ, Ձախ, Սպիտակ, Մաքսազերծված չ
,€ 39 100,2024,Mercedes-Benz,EQE,15100 կմ , Սեդան, Էլեկտրական, Ավտոմատ, Ձախ, Սպիտակ, Մաքսազերծված չ
,€ 41 600,2020,Kia,Sportage,70813 մղոն , Ամենագնաց, Բենզին, Ավտոմատ, Ձախ, Սպիտակ, Աճուրդում
,$ 5 500,2018,Toyota,Camry,88338 մղոն , Սեդան, Բենզին, Ավտոմատ, Ձախ, Արծաթագույն, Աճուրդում
,$ 1 500,2019,Hyundai,Tucson,57947 մղոն , Ամենագնաց, Բենզին, Ավտոմատ, Ձախ, Սև, Աճուրդում
,$ 3 600,2023,BMW,XM,7000 կմ , Ամենագնաց, Հիբրիդ, Ավտոմատ, Ձախ, Մոխրագույն, Մաքսազերծված չ
,$ 4 500,2022,BMW,X3,21147 մղոն , Ամենագնաց, Բենզին, Ավտոմատ, Ձախ, Կապույտ, Աճուրդում
,$ 20 500,2021,Porsche,Cayenne,10 մղոն , Ամենագնաց, Բենզին, Ավտոմատ, Ձախ, Սև, Աճուրդում
,$ 27 500,2020,Kia,Sportage,37502 մղոն , Ամենագնաց, Բենզին, Ավտոմատ, Ձախ, Մոխրագույն, Աճուրդում
,$ 4 600,2025,Mercedes-Benz,GLS 600 Maybach,53 կմ , Ամենագնաց, Բենզին, Ավտոմատ, Ձախ, Սև, Մաքսազերծված չ
,€ 196 000,2023,BMW,X3,23800 կմ , Ամենագնաց, Բենզին, Ավտոմատ, Ձախ, Սպիտակ, Մաքսազերծված չ
,$ 177 000,2025,Mercedes-Benz,G 580,900 կմ , Ամենագնաց, Էլեկտրական, Ավտոմատ, Ձախ, Սպիտակ, Մաքսազերծված չ
,€ 164 900,2021,Mercedes-Benz,GLS 600 Maybach,10 կմ , Ամենագնաց, Բենզին, Ավտոմատ, Ձախ, Սև, Մաքսազերծված չ
,֏ 2 300 000,2024,Lexus,UX 200,10 կմ , Ամենագնաց, Հիբրիդ, Ավտոմատ, Ձախ, Մոխրագույն, Մաքսազերծված չ
,€ 40 400,2025,Lexus,NX 350,10 կմ , Ամենագնաց, Հիբրիդ, Ավտոմատ, Ձախ, Մոխրագույն, Մաքսազերծված չ
,€ 52 000,2025,Land,Rover Range Rover Sport,1000 կմ , Ամենագնաց, Հիբրիդ, Ավտոմատ, Ձախ, Սպիտակ, Մաքսազերծված չ
,€ 118 000,2025,Land,Rover Range Rover Sport,4710 կմ , Ամենագնաց, Հիբրիդ, Ավտոմատ, Ձախ, Կապույտ, Մաքսազերծված չ
,€ 110 000,2024,Land,Rover Range Rover Sport,1800 կմ , Ամենագնաց, Հիբրիդ, Ավտոմատ, Ձախ, Սպիտակ, Մաքսազերծված չ
,€ 105 000,2024,Land,Rover Range Rover Sport,9000 կմ , Ամենագնաց, Հիբրիդ, Ավտոմատ, Ձախ, Սև, Մաքսազերծված չ
,€ 114 000,2025,Land,Rover Range Rover Velar,300 կմ , Ամենագնաց, Դիզել, Ավտոմատ, Ձախ, Արծաթագույն, Մաքսազերծված չ
,€ 66 000,2018,Chevrolet,Equinox,80595 մղոն , Ամենագնաց, Բենզին, Ավտոմատ, Ձախ, Սև, Աճուրդում
,$ 3 000,2018,Dodge,Challenger,63880 մղոն , Սեդան, Բենզին, Ավտոմատ, Ձախ, Մոխրագույն, Աճուրդում
,$ 4 500,2018,Nissan,Murano,56519 մղոն , Ամենագնաց, Բենզին, Ավտոմատ, Ձախ, Սպիտակ, Աճուրդում
,$ 4 000,2025,Porsche,Cayenne,7500 կմ , Ամենագնաց, Բենզին, Ավտոմատ, Ձախ, Մոխրագույն, Մաքսազերծված չ
,€ 94 800,2020,Hyundai,Elantra,68692 մղոն , Սեդան, Բենզին, Ավտոմատ, Ձախ, Մոխրագույն, Աճուրդում
,$ 6 000,2020,Ford,Escape,46298 մղոն , Ամենագնաց, Բենզին, Ավտոմատ, Ձախ, Երկնագույն, Աճուրդում
,$ 3 200,2021,Jeep,Cherokee,64513 մղոն , Ամենագնաց, Բենզին, Ավտոմատ, Ձախ, Մոխրագույն, Աճուրդում
,$ 5 000,2021,Jeep,Cherokee,31496 մղոն , Ամենագնաց, Բենզին, Ավտոմատ, Ձախ, Սպիտակ, Աճուրդում
,€ 249 000,2020,BMW,X3,10 մղոն , Ամենագնաց, Բենզին, Ավտոմատ, Ձախ, Արծաթագույն, Աճուրդում
,$ 17 000,2020,Mercedes-Benz,EQC,49000 կմ , Ամենագնաց, Էլեկտրական, Ավտոմատ, Ձախ, Սպիտակ, Մաքսազերծված չ
,€ 35 874,2020,Lexus,IS 300 F Sport,54820 մղոն , Սեդան, Բենզին, Ավտոմատ, Ձախ, Սպիտակ, Աճուրդում
,$ 11 500,2020,Lexus,ES 350,85467 մղոն , Սեդան, Բենզին, Ավտոմատ, Ձախ, Սև, Աճուրդում
,$ 14 300,2021,Cadillac,Escalade,41000 կմ , Ամենագնաց, Բենզին, Ավտոմատ, Ձախ, Սպիտակ, Մաքսազերծված չ
,€ 91 200,2023,Cadillac,Escalade,10000 կմ , Ամենագնաց, Բենզին, Ավտոմատ, Ձախ, Սև, Մաքսազերծված չ
,€ 103 300,2023,Cadillac,Escalade,6020 կմ , Ամենագնաց, Բենզին, Ավտոմատ, Ձախ, Սպիտակ, Մաքսազերծված չ
,€ 99 000,2019,Lexus,NX 300h,47795 մղոն , Ամենագնաց, Բենզին, Ավտոմատ, Ձախ, Սպիտակ, Աճուրդում
,$ 12 000,2019,Mercedes-Benz,G 63 AMG,18460 կմ , Ամենագնաց, Բենզին, Ավտոմատ, Ձախ, Սև, Մաքսազերծված չ
,€ 126 100,2019,Mercedes-Benz,G 63 AMG,5880 կմ , Ամենագնաց, Բենզին, Ավտոմատ, Ձախ, Սև, Մաքսազերծված չ
,€ 205 000,2024,Land,Rover Discovery,13311 կմ , Ամենագնաց, Դիզել, Ավտոմատ, Ձախ, Սև, Մաքսազերծված չ
,€ 65 400,2023,Tesla,Model 3,53992 կմ , Սեդան, Էլեկտրական, Ավտոմատ, Ձախ, Մոխրագույն, Աճուրդում
,$ 10 300,2021,BMW,X5,32825 մղոն , Ամենագնաց, Բենզին, Ավտոմատ, Ձախ, Սև, Աճուրդում
,$ 26 600,2021,BMW,X5,49194 մղոն , Ամենագնաց, Բենզին, Ավտոմատ, Ձախ, Սպիտակ, Աճուրդում
,$ 6 500,2024,Mercedes-Benz,C 300,1223 մղոն , Սեդան, Բենզին, Ավտոմատ, Ձախ, Սև, Աճուրդում
,$ 23 500,2018,Mazda,6,90115 մղոն , Ամենագնաց, Բենզին, Ավտոմատ, Ձախ, Սև, Աճուրդում
,$ 2 900,2021,Toyota,Rav 4,18504 մղոն , Ամենագնաց, Բենզին, Ավտոմատ, Ձախ, Սև, Աճուրդում
,$ 12 000,2019,Nissan,Rogue,85521 մղոն , Ամենագնաց, Բենզին, Ավտոմատ, Ձախ, Կարմիր, Աճուրդում
,$ 3 700,2024,BMW,X6,36358 մղոն , Ամենագնաց, Բենզին, Ավտոմատ, Ձախ, Սև, Մաքսազերծված
,$ 83 000,2021,Toyota,Rav 4,32183 մղոն , Ամենագնաց, Բենզին, Ավտոմատ, Ձախ, Սպիտակ, Աճուրդում
,$ 11 600,2022,Mazda,CX 30,21825 մղոն , Ամենագնաց, Բենզին, Ավտոմատ, Ձախ, Մոխրագույն, Աճուրդում
,$ 8 000,2021,Subaru,Legacy,31038 մղոն , Սեդան, Բենզին, Ավտոմատ, Ձախ, Սպիտակ, Աճուրդում
,€ 206 000,2019,Mercedes-Benz,G 63 AMG,42245 կմ , Ամենագնաց, Բենզին, Ավտոմատ, Ձախ, Սև, Մաքսազերծված չ
,€ 161 900,2021,Porsche,Macan,55599 մղոն , Ամենագնաց, Բենզին, Ավտոմատ, Ձախ, Սպիտակ, Աճուրդում
,$ 4 800,2022,BMW,318,2253 կմ , Սեդան, Բենզին, Ավտոմատ, Ձախ, Սև, Աճուրդում
,$ 1 700,2024,Rolls,Royce Spectre,500 կմ , Կուպե, Էլեկտրական, Ավտոմատ, Ձախ, Սև, Մաքսազերծված չ
,€ 540 000,2022,Mazda,CX5,18900 կմ , МАЗДА ГРАНД ТУРИНГ ПРЕМИУМ ПЛЮС., Ունիվերսալ, Բենզին, Ավտոմատ, Ձախ, Մաքսազերծված
,€ 44 500,2019,Nissan,Sentra,18965 մղոն , Սեդան, Բենզին, Ավտոմատ, Ձախ, Մոխրագույն, Աճուրդում
,$ 2 100,2019,Ford,Fiesta,96500 մղոն , Սեդան, Բենզին, Ավտոմատ, Ձախ, Սև, Աճուրդում
,$ 1 400,2019,Ford,Fiesta,41354 մղոն , Սեդան, Բենզին, Ավտոմատ, Ձախ, Արծաթագույն, Աճուրդում
,$ 1 500,2019,Kia,Sorento,83541 մղոն , Ամենագնաց, Բենզին, Ավտոմատ, Ձախ, Սպիտակ, Աճուրդում
,$ 4 600,2021,Tesla,Model Y,68690 մղոն , Ամենագնաց, Էլեկտրական, Ավտոմատ, Ձախ, Մոխրագույն, Աճուրդում
,$ 13 300,2022,Toyota,Corolla,27282 մղոն , Սեդան, Բենզին, Ավտոմատ, Ձախ, Սև, Աճուրդում
,$ 7 500,2023,Mercedes-Benz,EQS SUV,40540 կմ , Ամենագնաց, Էլեկտրական, Ավտոմատ, Ձախ, Սև, Մաքսազերծված չ
,€ 67 200,2021,Jeep,Compass,78247 մղոն , Ամենագնաց, Բենզին, Ավտոմատ, Ձախ, Սպիտակ, Աճուրդում
,$ 4 300,2020,Toyota,Corolla,87742 մղոն , Սեդան, Բենզին, Ավտոմատ, Ձախ, Սև, Աճուրդում
,$ 6 600,2018,Dodge,Journey,82525 մղոն , Ամենագնաց, Բենզին, Ավտոմատ, Ձախ, Սև, Աճուրդում
,$ 2 100,2018,Dodge,Journey,82893 մղոն , Ամենագնաց, Բենզին, Ավտոմատ, Ձախ, Սև, Աճուրդում
,$ 1 600,2022,Mercedes-Benz,GLE 350,67527 մղոն , Ամենագնաց, Բենզին, Ավտոմատ, Ձախ, Սպիտակ, Մաքսազերծված չ
,$ 27 000,2025,Audi,Q7,1999 կմ , Ամենագնաց, Բենզին, Ավտոմատ, Ձախ, Սպիտակ, Մաքսազերծված չ
,$ 5 800,2025,Lexus,NX 350,20 կմ , Ամենագնաց, Հիբրիդ, Ավտոմատ, Ձախ, Արծաթագույն, Մաքսազերծված չ
,€ 49 000,2025,Lexus,NX 350,12 կմ , Ամենագնաց, Հիբրիդ, Ավտոմատ, Ձախ, Սպիտակ, Մաքսազերծված չ
,€ 50 000,2021,Lexus,GX 460 Premium,66594 մղոն , Ամենագնաց, Բենզին, Ավտոմատ, Ձախ, Սպիտակ, Աճուրդում
,$ 8 000,2018,Hyundai,Kona,45327 մղոն , Ամենագնաց, Բենզին, Ավտոմատ, Ձախ, Երկնագույն, Աճուրդում
,$ 3 500,2008,BMW,X6,240000 կմ , Ունիվերսալ, Բենզին, Ավտոմատ, Ձախ, Սպիտակ, Մաքսազերծված
,$ 13 500,2024,Land,Rover Discovery Sport,3000 կմ , Ամենագնաց, Բենզին, Ավտոմատ, Ձախ, Սպիտակ, Մաքսազերծված չ
,€ 53 700,2021,Honda,Accord,57003 մղոն , Սեդան, Բենզին, Ավտոմատ, Ձախ, Կապույտ, Աճուրդում
,$ 7 000,2024,Mercedes-Benz,C 300,7052 մղոն , Սեդան, Բենզին, Ավտոմատ, Ձախ, Սպիտակ, Աճուրդում
,$ 24 000,2020,Toyota,Corolla,76944 մղոն , Սեդան, Բենզին, Ավտոմատ, Ձախ, Մոխրագույն, Աճուրդում
,$ 5 300,2020,Subaru,Forester,75355 մղոն , Ամենագնաց, Բենզին, Ավտոմատ, Ձախ, Մոխրագույն, Աճուրդում
,$ 4 500,2021,Mazda,CX 30,46025 մղոն , Ամենագնաց, Բենզին, Ավտոմատ, Ձախ, Սև, Աճուրդում
,$ 7 000,2022,Porsche,Macan,26974 մղոն , Ամենագնաց, Բենզին, Ավտոմատ, Ձախ, Սև, Աճուրդում
,$ 25 000,2021,Porsche,Macan,10 մղոն , Ամենագնաց, Բենզին, Ավտոմատ, Ձախ, Մոխրագույն, Աճուրդում
,$ 20 500,2024,Mercedes-Benz,EQB,9500 կմ , Ամենագնաց, Էլեկտրական, Ավտոմատ, Ձախ, Երկնագույն, Մաքսազերծված չ
,€ 37 400,2022,Chevrolet,Malibu,67664 մղոն , Սեդան, Բենզին, Ավտոմատ, Ձախ, Արծաթագույն, Աճուրդում
,$ 3 700,2022,Chevrolet,Malibu,68752 մղոն , Սեդան, Բենզին, Ավտոմատ, Ձախ, Մոխրագույն, Աճուրդում
,$ 3 900,2021,Mazda,CX 30,45619 մղոն , Ամենագնաց, Բենզին, Ավտոմատ, Ձախ, Կապույտ, Աճուրդում
,$ 6 500,2022,Mazda,CX 30,46438 մղոն , Ամենագնաց, Բենզին, Ավտոմատ, Ձախ, Սպիտակ, Աճուրդում
,